{"no_reg": {"split0": 5.5948577180157315, "split1": 5.592403215982419, "split2": 5.619729012105159, "split3": 5.58913357714444, "split4": 5.81057529853593, "split5": 5.857789962509204, "split6": 5.621717345630353, "split7": 5.6309656719589505, "split8": 5.639081170350436, "split9": 5.588547085041925}, "reg=0.01": {"split0": 5.642977382234861, "split1": 5.810998585325282, "split2": 5.77077080972646, "split3": 6.0590090522498405, "split4": 6.345587202209317, "split5": 5.6697395128922325, "split6": 6.399611255448051, "split7": 5.718572941471316, "split8": 6.176094027968846, "split9": 6.036024675861675}}