{"{'recurrent_activation': 'linear', 'optimizer': 'adam', 'loss': 'mse', 'l1_l2': 0, 'dropout': 0.1, 'conv_activation': 'relu', 'batch_size': 50}": {"splits": {"split0": {"mae": 6.083152096421957, "mse": 94.15259478969234}, "split1": {"mae": 6.38837155669805, "mse": 101.42004010118025}, "split2": {"mae": 6.3945685112315385, "mse": 100.62158853601416}, "split3": {"mae": 7.255070048945104, "mse": 108.46918861181997}, "split4": {"mae": 7.162483025527622, "mse": 109.3666393323696}, "split5": {"mae": 6.09722092292674, "mse": 91.74573267208905}, "split6": {"mae": 6.269756064913728, "mse": 98.37737165798382}, "split7": {"mae": 6.405578032344457, "mse": 102.86134128793051}, "split8": {"mae": 6.506273176238473, "mse": 97.01504945743551}, "split9": {"mae": 6.098970132197863, "mse": 97.20023174749689}}, "mae_avg": 6.466144356744553, "mse_avg": 100.12297781940121}, "{'recurrent_activation': 'relu', 'optimizer': 'adam', 'loss': 'mse', 'l1_l2': 0, 'dropout': 0.1, 'conv_activation': 'relu', 'batch_size': 50}": {"splits": {"split0": {"mae": 6.185243444859736, "mse": 97.97456419959286}, "split1": {"mae": 6.176657355883158, "mse": 96.04351585182648}, "split2": {"mae": 6.812689871032542, "mse": 109.72813764305356}, "split3": {"mae": 5.87960180732612, "mse": 95.17505554738685}, "split4": {"mae": 6.1666840353292836, "mse": 91.12853495236816}, "split5": {"mae": 6.0190384417306255, "mse": 95.51035694113945}, "split6": {"mae": 5.969319066659578, "mse": 90.72124215469374}, "split7": {"mae": 6.552481831941749, "mse": 102.94516116842134}, "split8": {"mae": 6.653034463409534, "mse": 111.10218935456092}, "split9": {"mae": 6.1144445065902575, "mse": 97.25465794005608}}, "mae_avg": 6.252919482476258, "mse_avg": 98.75834157530994}, "{'recurrent_activation': 'linear', 'optimizer': 'adam', 'loss': 'mse', 'l1_l2': 0.01, 'dropout': 0.1, 'conv_activation': 'relu', 'batch_size': 50}": {"splits": {"split0": {"mae": 6.8274822047038, "mse": 105.04961660487332}, "split1": {"mae": 6.875584543999004, "mse": 102.70858732819606}, "split2": {"mae": 6.327572727734824, "mse": 98.45927985210369}, "split3": {"mae": 7.026546771485149, "mse": 105.94465551050196}, "split4": {"mae": 5.902680456687394, "mse": 92.692177536234}, "split5": {"mae": 6.060668411717658, "mse": 92.67816542605834}, "split6": {"mae": 6.756730277698554, "mse": 108.91884338471206}, "split7": {"mae": 5.836887007793118, "mse": 90.50617061057558}, "split8": {"mae": 5.9184817758868915, "mse": 91.90433528592727}, "split9": {"mae": 5.963878938731506, "mse": 95.04673922765058}}, "mae_avg": 6.34965131164379, "mse_avg": 98.39085707668329}, "{'recurrent_activation': 'relu', 'optimizer': 'adam', 'loss': 'mse', 'l1_l2': 0.01, 'dropout': 0.1, 'conv_activation': 'relu', 'batch_size': 50}": {"splits": {"split0": {"mae": 6.458823948286791, "mse": 102.15810013603577}, "split1": {"mae": 6.304277295858608, "mse": 95.70568890636206}, "split2": {"mae": 6.094390777279156, "mse": 94.50580088790807}, "split3": {"mae": 6.106678002610016, "mse": 92.04343750181795}, "split4": {"mae": 6.675668520623274, "mse": 99.68044923591916}, "split5": {"mae": 6.206769921053585, "mse": 95.06537668324674}, "split6": {"mae": 6.224519631351627, "mse": 101.95120226963954}, "split7": {"mae": 5.907659498562702, "mse": 91.36068681444712}, "split8": {"mae": 6.054371949532191, "mse": 96.76325760604912}, "split9": {"mae": 5.963912498629326, "mse": 88.89566668652532}}, "mae_avg": 6.199707204378727, "mse_avg": 95.8129666727951}, "{'recurrent_activation': 'linear', 'optimizer': 'adam', 'loss': 'mse', 'l1_l2': 0.02, 'dropout': 0.1, 'conv_activation': 'relu', 'batch_size': 50}": {"splits": {"split0": {"mae": 6.01760113561186, "mse": 92.1834453999341}, "split1": {"mae": 5.9447830370129875, "mse": 93.89827628163866}, "split2": {"mae": 5.991047832138417, "mse": 98.71145045539538}, "split3": {"mae": 5.882161190328284, "mse": 91.67838107179244}, "split4": {"mae": 5.939028993535924, "mse": 91.54953861786235}, "split5": {"mae": 6.067946115827036, "mse": 91.85800781211229}, "split6": {"mae": 5.784556718768734, "mse": 93.82565748954343}, "split7": {"mae": 5.972829048473321, "mse": 94.76295586074569}, "split8": {"mae": 5.965002591452972, "mse": 97.01504055294582}, "split9": {"mae": 5.975800767572819, "mse": 96.8437045267414}}, "mae_avg": 5.954075743072236, "mse_avg": 94.23264580687115}, "{'recurrent_activation': 'relu', 'optimizer': 'adam', 'loss': 'mse', 'l1_l2': 0.02, 'dropout': 0.1, 'conv_activation': 'relu', 'batch_size': 50}": {"splits": {"split0": {"mae": 6.107313062935372, "mse": 99.41505481845}, "split1": {"mae": 5.916331386615219, "mse": 92.70306780573247}, "split2": {"mae": 5.884147099558628, "mse": 88.81779867040652}, "split3": {"mae": 5.836898168701531, "mse": 89.74856795221494}, "split4": {"mae": 5.883171232655052, "mse": 95.3905231717536}, "split5": {"mae": 5.740708720975125, "mse": 90.18497649198525}, "split6": {"mae": 6.0162920858525, "mse": 94.14206808050317}, "split7": {"mae": 5.929440995032897, "mse": 94.17459615759229}, "split8": {"mae": 5.981933731937931, "mse": 93.22498797911605}, "split9": {"mae": 5.96086038307071, "mse": 88.82963185521145}}, "mae_avg": 5.925709686733496, "mse_avg": 92.66312729829659}, "{'recurrent_activation': 'linear', 'optimizer': 'adam', 'loss': 'mse', 'l1_l2': 0, 'dropout': 0.2, 'conv_activation': 'relu', 'batch_size': 50}": {"splits": {"split0": {"mae": 6.101170794195272, "mse": 99.57502855907849}, "split1": {"mae": 6.157561373978813, "mse": 97.0682630904848}, "split2": {"mae": 6.002173367439474, "mse": 93.7026582249826}, "split3": {"mae": 6.269454841329237, "mse": 100.39315363115169}, "split4": {"mae": 6.266860058016574, "mse": 101.94119336655032}, "split5": {"mae": 6.543250029747704, "mse": 102.31779701064367}, "split6": {"mae": 6.010345534172896, "mse": 97.19884298329417}, "split7": {"mae": 6.374346574893213, "mse": 101.3861284478492}, "split8": {"mae": 6.540307706321381, "mse": 101.09799343204178}, "split9": {"mae": 6.026188490420211, "mse": 98.01676079249256}}, "mae_avg": 6.229165877051477, "mse_avg": 99.26978195385693}, "{'recurrent_activation': 'relu', 'optimizer': 'adam', 'loss': 'mse', 'l1_l2': 0, 'dropout': 0.2, 'conv_activation': 'relu', 'batch_size': 50}": {"splits": {"split0": {"mae": 6.251393208706493, "mse": 101.39619750515091}, "split1": {"mae": 6.419762255952519, "mse": 108.42955904149453}, "split2": {"mae": 6.1809270156133, "mse": 97.12488951003161}, "split3": {"mae": 6.157753222884791, "mse": 98.83304827234484}, "split4": {"mae": 6.9152852939480125, "mse": 106.02129015609202}, "split5": {"mae": 6.7056183598626955, "mse": 106.27296928458183}, "split6": {"mae": 6.255958134562228, "mse": 101.74859533338014}, "split7": {"mae": 6.082645292625506, "mse": 98.16346519217976}, "split8": {"mae": 6.507444884592286, "mse": 106.57940150667686}, "split9": {"mae": 6.251302513278235, "mse": 102.14520513926271}}, "mae_avg": 6.372809018202607, "mse_avg": 102.6714620941195}, "{'recurrent_activation': 'linear', 'optimizer': 'adam', 'loss': 'mse', 'l1_l2': 0.01, 'dropout': 0.2, 'conv_activation': 'relu', 'batch_size': 50}": {"splits": {"split0": {"mae": 5.852090971597428, "mse": 95.09910075516109}, "split1": {"mae": 5.86257257167531, "mse": 89.47204092559137}, "split2": {"mae": 5.936017408796135, "mse": 91.58849454654911}, "split3": {"mae": 5.861938642565933, "mse": 93.89430984565604}, "split4": {"mae": 5.885307920185137, "mse": 91.28221361565284}, "split5": {"mae": 5.842688655915411, "mse": 95.39526041507645}, "split6": {"mae": 5.868799549565231, "mse": 94.07672114970411}, "split7": {"mae": 6.047382558209743, "mse": 96.03777200656127}, "split8": {"mae": 5.958533978409892, "mse": 98.03857763279882}, "split9": {"mae": 6.084154563476683, "mse": 97.47565101247736}}, "mae_avg": 5.91994868203969, "mse_avg": 94.23601419052285}, "{'recurrent_activation': 'relu', 'optimizer': 'adam', 'loss': 'mse', 'l1_l2': 0.01, 'dropout': 0.2, 'conv_activation': 'relu', 'batch_size': 50}": {"splits": {"split0": {"mae": 5.990857408664845, "mse": 96.357848170548},