{"{'batch_size': 50, 'conv_activation': 'linear', 'dropout': 0.1, 'l1_l2': 0, 'loss': 'mse', 'optimizer': 'adam', 'recurrent_activation': 'linear'}": {"splits": {"split0": {"mae": 5.7975907732740515, "mse": 89.91950325566701}, "split1": {"mae": 6.020477185940833, "mse": 92.36365070170001}, "split2": {"mae": 6.12854532753898, "mse": 93.22821707588584}, "split3": {"mae": 6.135374024538285, "mse": 94.03624585311222}, "split4": {"mae": 6.165037819399756, "mse": 96.1634819950727}, "split5": {"mae": 5.930561312863856, "mse": 87.59913057456681}, "split6": {"mae": 5.907153492598732, "mse": 94.02735205511651}, "split7": {"mae": 5.777445526776328, "mse": 86.49556111441963}, "split8": {"mae": 5.929574347466405, "mse": 88.32194078059055}, "split9": {"mae": 5.945286327668214, "mse": 89.20258513144518}}, "mae_avg": 5.973704613806545, "mse_avg": 91.13576685375764}, "{'batch_size': 50, 'conv_activation': 'linear', 'dropout': 0.1, 'l1_l2': 0, 'loss': 'mse', 'optimizer': 'adam', 'recurrent_activation': 'relu'}": {"splits": {"split0": {"mae": 5.75168542545672, "mse": 83.89877208119668}, "split1": {"mae": 5.954573610914673, "mse": 85.70934947759501}, "split2": {"mae": 5.911863508591294, "mse": 90.97911776670543}, "split3": {"mae": 5.813534261373335, "mse": 87.2352057745063}, "split4": {"mae": 5.6991771530690105, "mse": 85.5537943817876}, "split5": {"mae": 5.61707972948852, "mse": 83.79027752973897}, "split6": {"mae": 6.139839048415565, "mse": 98.31943174053781}, "split7": {"mae": 6.107678647043058, "mse": 89.89890700665352}, "split8": {"mae": 5.907824683321848, "mse": 88.38694616616192}, "split9": {"mae": 5.883739510200641, "mse": 86.35321954353053}}, "mae_avg": 5.878699557787466, "mse_avg": 88.01250214684138}, "{'batch_size': 50, 'conv_activation': 'linear', 'dropout': 0.1, 'l1_l2': 0.01, 'loss': 'mse', 'optimizer': 'adam', 'recurrent_activation': 'linear'}": {"splits": {"split0": {"mae": 5.802577120883312, "mse": 89.04070625047027}, "split1": {"mae": 5.832541504036915, "mse": 91.04328956653022}, "split2": {"mae": 6.158604261130906, "mse": 91.36417402125342}, "split3": {"mae": 6.036091771449777, "mse": 91.935592593036}, "split4": {"mae": 5.743505243351797, "mse": 86.51755956317238}, "split5": {"mae": 5.858059930299294, "mse": 89.85735999178691}, "split6": {"mae": 6.14262424801991, "mse": 96.23255293915908}, "split7": {"mae": 5.845357653046504, "mse": 92.71320752586287}, "split8": {"mae": 5.936543478475799, "mse": 93.71821284180717}, "split9": {"mae": 5.816807483295681, "mse": 89.0191320524818}}, "mae_avg": 5.91727126939899, "mse_avg": 91.14417873455601}, "{'batch_size': 50, 'conv_activation': 'linear', 'dropout': 0.1, 'l1_l2': 0.01, 'loss': 'mse', 'optimizer': 'adam', 'recurrent_activation': 'relu'}": {"splits": {"split0": {"mae": 5.7180438529879405, "mse": 85.76362074267782}, "split1": {"mae": 5.704998978942132, "mse": 84.92424444372774}, "split2": {"mae": 5.8098285636275655, "mse": 85.34443265765356}, "split3": {"mae": 5.647402244049581, "mse": 82.02777253026788}, "split4": {"mae": 5.565919592280774, "mse": 84.46825369364605}, "split5": {"mae": 5.688299953119704, "mse": 82.88574892380458}, "split6": {"mae": 5.9395197491870935, "mse": 88.59730767952837}, "split7": {"mae": 5.866043992719123, "mse": 89.93053042517211}, "split8": {"mae": 5.78812651838448, "mse": 86.43204211167843}, "split9": {"mae": 5.79329507414921, "mse": 87.0964777500011}}, "mae_avg": 5.75214785194476, "mse_avg": 85.74704309581577}, "{'batch_size': 50, 'conv_activation': 'linear', 'dropout': 0.1, 'l1_l2': 0.02, 'loss': 'mse', 'optimizer': 'adam', 'recurrent_activation': 'linear'}": {"splits": {"split0": {"mae": 6.162691140613572, "mse": 97.77055301992928}, "split1": {"mae": 5.9044786923196275, "mse": 91.2640107277093}, "split2": {"mae": 5.955527521572977, "mse": 94.63216443799472}, "split3": {"mae": 6.0680936092072875, "mse": 91.11435759382933}, "split4": {"mae": 6.067971519851554, "mse": 93.23696345680678}, "split5": {"mae": 5.751035661489201, "mse": 83.54958419574808}, "split6": {"mae": 5.9970984596387575, "mse": 93.58556527850955}, "split7": {"mae": 5.830143705994882, "mse": 89.0848734767906}, "split8": {"mae": 6.147759850717043, "mse": 95.13247662778669}, "split9": {"mae": 5.823926903043244, "mse": 90.07025690800828}}, "mae_avg": 5.970872706444815, "mse_avg": 91.94408057231126}, "{'batch_size': 50, 'conv_activation': 'linear', 'dropout': 0.1, 'l1_l2': 0.02, 'loss': 'mse', 'optimizer': 'adam', 'recurrent_activation': 'relu'}": {"splits": {"split0": {"mae": 5.841487161825591, "mse": 90.15763802875921}, "split1": {"mae": 5.777614614733779, "mse": 89.96257807713023}, "split2": {"mae": 5.6642839673250425, "mse": 84.72864779305128}, "split3": {"mae": 5.819439919282503, "mse": 87.49217618532269}, "split4": {"mae": 6.120615278305013, "mse": 93.68447616581204}, "split5": {"mae": 5.804296904731394, "mse": 90.53205344223}, "split6": {"mae": 5.70770152019641, "mse": 85.54376343364268}, "split7": {"mae": 5.788923936542456, "mse": 84.73523533138352}, "split8": {"mae": 6.0580605104048475, "mse": 90.04106747047742}, "split9": {"mae": 5.811584393505853, "mse": 87.24949973908876}}, "mae_avg": 5.83940082068529, "mse_avg": 88.41271356668977}, "{'batch_size': 50, 'conv_activation': 'linear', 'dropout': 0.2, 'l1_l2': 0, 'loss': 'mse', 'optimizer': 'adam', 'recurrent_activation': 'linear'}": {"splits": {"split0": {"mae": 6.138818961496583, "mse": 91.91923070431321}, "split1": {"mae": 5.885980336005468, "mse": 93.63053558427958}, "split2": {"mae": 5.9664121946418565, "mse": 89.35003096338734}, "split3": {"mae": 6.078005366279387, "mse": 93.78021051862063}, "split4": {"mae": 5.84352626449491, "mse": 86.52422691373134}, "split5": {"mae": 6.063820907332679, "mse": 87.0830381422007}, "split6": {"mae": 6.006791798882031, "mse": 93.60114836256153}, "split7": {"mae": 6.235203565825057, "mse": 95.67246784926466}, "split8": {"mae": 5.919840981287394, "mse": 90.04657424885144}, "split9": {"mae": 5.881393129000611, "mse": 87.63158131935451}}, "mae_avg": 6.001979350524598, "mse_avg": 90.9239044606565}, "{'batch_size': 50, 'conv_activation': 'linear', 'dropout': 0.2, 'l1_l2': 0, 'loss': 'mse', 'optimizer': 'adam', 'recurrent_activation': 'relu'}": {"splits": {"split0": {"mae": 5.886743227025937, "mse": 87.61326724668768}, "split1": {"mae": 5.815070774626979, "mse": 85.84541845936734}, "split2": {"mae": 6.074666465402917, "mse": 96.1839224255081}, "split3": {"mae": 6.06643345968601, "mse": 90.52335496619196}, "split4": {"mae": 5.8632898365474215, "mse": 85.9339659708702}, "split5": {"mae": 5.7774744133455025, "mse": 87.41437230781999}, "split6": {"mae": 6.15648378405306, "mse": 95.0475761641275}, "split7": {"mae": 5.918845466847171, "mse": 88.31035677265541}, "split8": {"mae": 5.778705612059238, "mse": 87.6941540709719}, "split9": {"mae": 5.865958515859436, "mse": 89.20706748589103}}, "mae_avg": 5.920367155545368, "mse_avg": 89.3773455870091}, "{'batch_size': 50, 'conv_activation': 'linear', 'dropout': 0.2, 'l1_l2': 0.01, 'loss': 'mse', 'optimizer': 'adam', 'recurrent_activation': 'linear'}": {"splits": {"split0": {"mae": 5.996018244446714, "mse": 91.76076861282506}, "split1": {"mae": 6.1112102578909475, "mse": 94.81098584753532}, "split2": {"mae": 6.016674910543796, "mse": 90.0540088975066}, "split3": {"mae": 5.936319670144097, "mse": 89.70849269170888}, "split4": {"mae": 5.953330617279673, "mse": 90.07662640047225}, "split5": {"mae": 6.015336237529341, "mse": 97.73531330338655}, "split6": {"mae": 5.9254208088910465, "mse": 91.15800410368396}, "split7": {"mae": 5.681791475612328, "mse": 87.52501883716617}, "split8": {"mae": 5.948673153302961, "mse": 94.44936840305655}, "split9": {"mae": 5.861575969708228, "mse": 85.96932947779854}}, "mae_avg": 5.944635134534913, "mse_avg": 91.324791657514}, "{'batch_size': 50, 'conv_activation': 'linear', 'dropout': 0.2, 'l1_l2': 0.01, 'loss': 'mse', 'optimizer': 'adam', 'recurrent_activation': 'relu'}": {"splits": {"split0": {"mae": 5.769403038256903, "mse": 87.30165287839023},