{"{'batch_size': 50, 'conv_activation': 'linear', 'dropout': 0.1, 'l1_l2': 0, 'loss': 'mse', 'optimizer': 'adam', 'recurrent_activation': 'linear'}": {"splits": {"split0": {"mae": 5.790638036487524, "mse": 92.48528637872275}, "split1": {"mae": 5.915691131485041, "mse": 91.44851712522357}, "split2": {"mae": 6.002698615514692, "mse": 95.71253985621323}, "split3": {"mae": 6.023522927579004, "mse": 92.60944409774146}, "split4": {"mae": 5.823574861614915, "mse": 88.16198200423518}, "split5": {"mae": 5.823324429309417, "mse": 90.26083602972872}, "split6": {"mae": 6.0610687458294406, "mse": 97.89280325422475}, "split7": {"mae": 6.036809532303051, "mse": 92.96633906155351}, "split8": {"mae": 5.78932154995342, "mse": 90.29472465648755}, "split9": {"mae": 6.06866146942225, "mse": 90.52036255008454}}, "mae_avg": 5.933531129949875, "mse_avg": 92.23528350142152}, "{'batch_size': 50, 'conv_activation': 'linear', 'dropout': 0.1, 'l1_l2': 0, 'loss': 'mse', 'optimizer': 'adam', 'recurrent_activation': 'relu'}": {"splits": {"split0": {"mae": 5.893797631829897, "mse": 87.93590228891658}, "split1": {"mae": 5.893249740093456, "mse": 92.36025061548969}, "split2": {"mae": 5.894442198275702, "mse": 88.63761483811356}, "split3": {"mae": 5.879407060203873, "mse": 92.25401255634733}, "split4": {"mae": 5.989838261457802, "mse": 91.38875708263308}, "split5": {"mae": 5.740090848776036, "mse": 87.78712993575787}, "split6": {"mae": 5.866261784958619, "mse": 90.88173702454797}, "split7": {"mae": 5.76979655294062, "mse": 88.96570298120083}, "split8": {"mae": 5.924689370565862, "mse": 88.84931511279255}, "split9": {"mae": 5.752755341877335, "mse": 85.48139055898748}}, "mae_avg": 5.86043287909792, "mse_avg": 89.45418129947869}, "{'batch_size': 50, 'conv_activation': 'linear', 'dropout': 0.1, 'l1_l2': 0.01, 'loss': 'mse', 'optimizer': 'adam', 'recurrent_activation': 'linear'}": {"splits": {"split0": {"mae": 5.9946264723747955, "mse": 91.59702866524705}, "split1": {"mae": 5.843161339992644, "mse": 89.99775215392327}, "split2": {"mae": 5.94455871382327, "mse": 89.76536432680344}, "split3": {"mae": 5.875194402061894, "mse": 90.46817336818089}, "split4": {"mae": 5.879186488466827, "mse": 93.39499483512694}, "split5": {"mae": 5.684080440993172, "mse": 88.19683828401244}, "split6": {"mae": 6.0805516813215075, "mse": 100.88299940148958}, "split7": {"mae": 5.792173162294227, "mse": 89.96638063344483}, "split8": {"mae": 6.1247098229344505, "mse": 98.14123595544389}, "split9": {"mae": 5.912649373433354, "mse": 85.43425380654158}}, "mae_avg": 5.913089189769614, "mse_avg": 91.7845021430214}, "{'batch_size': 50, 'conv_activation': 'linear', 'dropout': 0.1, 'l1_l2': 0.01, 'loss': 'mse', 'optimizer': 'adam', 'recurrent_activation': 'relu'}": {"splits": {"split0": {"mae": 5.869434838581561, "mse": 85.64616469219276}, "split1": {"mae": 5.852362000166511, "mse": 84.51285121826179}, "split2": {"mae": 5.960481446629853, "mse": 95.3504585473676}, "split3": {"mae": 5.849875398637427, "mse": 88.89544833356896}, "split4": {"mae": 5.867115969737258, "mse": 87.46715284643683}, "split5": {"mae": 5.514720319580946, "mse": 79.81280174723439}, "split6": {"mae": 5.805665326772915, "mse": 89.45591491516886}, "split7": {"mae": 5.6303934412774606, "mse": 85.2648720875048}, "split8": {"mae": 5.7969856197713, "mse": 85.74329886749793}, "split9": {"mae": 6.014287158992289, "mse": 85.30441014530425}}, "mae_avg": 5.8161321520147515, "mse_avg": 86.74533734005381}, "{'batch_size': 50, 'conv_activation': 'linear', 'dropout': 0.1, 'l1_l2': 0.02, 'loss': 'mse', 'optimizer': 'adam', 'recurrent_activation': 'linear'}": {"splits": {"split0": {"mae": 5.858322595012399, "mse": 88.82229907991284}, "split1": {"mae": 6.023667296078287, "mse": 94.72893631502112}, "split2": {"mae": 6.085594144970235, "mse": 94.95894623214159}, "split3": {"mae": 6.032051832727853, "mse": 95.51969779531275}, "split4": {"mae": 5.905748290876629, "mse": 92.68204404987362}, "split5": {"mae": 5.74930561288067, "mse": 93.16423657765628}, "split6": {"mae": 5.889750919243518, "mse": 92.05989310530366}, "split7": {"mae": 5.780824938265221, "mse": 90.69496289966492}, "split8": {"mae": 5.755261191894314, "mse": 87.36875875456641}, "split9": {"mae": 5.933665925208351, "mse": 92.87370528646063}}, "mae_avg": 5.901419274715748, "mse_avg": 92.28734800959138}, "{'batch_size': 50, 'conv_activation': 'linear', 'dropout': 0.1, 'l1_l2': 0.02, 'loss': 'mse', 'optimizer': 'adam', 'recurrent_activation': 'relu'}": {"splits": {"split0": {"mae": 5.848615656945195, "mse": 83.07012445967736}, "split1": {"mae": 5.746988788342719, "mse": 83.54295704397975}, "split2": {"mae": 5.937006101524878, "mse": 86.02932989395013}, "split3": {"mae": 5.953541363048455, "mse": 93.03539358007635}, "split4": {"mae": 5.963495175190097, "mse": 88.10823996969266}, "split5": {"mae": 5.999898567611379, "mse": 88.07815043150256}, "split6": {"mae": 5.6550941542633115, "mse": 87.83921141772262}, "split7": {"mae": 6.073140153122864, "mse": 88.69159892254373}, "split8": {"mae": 5.692570780192915, "mse": 87.29238515922353}, "split9": {"mae": 5.9791733358307795, "mse": 91.72355271831488}}, "mae_avg": 5.88495240760726, "mse_avg": 87.74109435966837}}